price,area,address,Mã tin,Hướng,Phòng ăn,Loại tin,Đường trước nhà,Nhà bếp,Loại BDS,Pháp lý,Sân thượng,Chiều ngang,Số lầu,Chổ để xe hơi,Chiều dài,Số phòng ngủ,Chính chủ,description
 10.5 tỷ , 35 m, Đường Nghĩa Tân. Phường Nghĩa Tân. Quận Cầu Giấy. Hà Nội,17269162,_,,Cần bán,5m,,Nhà mặt tiền,---,,---,5,,---,3,---,"💥PHỐ NGHĨA TÂN -TÔ HIỆU -35M2-5 TẦNG DÂN XÂY KIÊN CỐ -HƠN 10TỶ-OTO NGỦ TRONG NHÀ.

 👉Ko có căn thứ 2 trong tầm tiền 10 tỷ mà oto tránh nhau ,vào nhà ,hàng kín của dân ,cần bán gấp ,cơ hội cho anh chị hữu duyên.

+Thiết kế:
 Tầng 1:khách ,bếp, wc
 Tầng 2,3,4:mỗi tầng 1 ngủ,wc.
 Tầng 5:tum phơi.

+sổ đỏ Hoa Hậu ,sẵn sàng giao dịch ngay."
 26 tỷ , 66 m, Phố Ngọc Khánh. Phường Giảng Võ. Quận Ba Đình. Hà Nội,17259830,_,---,Cần bán,6m,---,Nhà trong hẻm,Sổ hồng/ Sổ đỏ,---,6m,5,---,11m,6,---,"Cơ hội cực hiếm ngay trung tâm Ba Đình! Bán nhà 5 tầng gara ô tô phố Ngọc Khánh – vị trí vàng ngay cạnh dự án siêu cao cấp Vinhomes Gallery Giảng Võ – giá chỉ 26 tỷ:

– Diện tích: 66m², sổ đỏ chính chủ, pháp lý rõ ràng.
– Kết cấu: Nhà 5 tầng kiên cố, thiết kế hiện đại, có gara ô tô trong nhà, nội thất cao cấp, phù hợp ở, kinh doanh hoặc cho thuê.
– Vị trí: Phố Ngọc Khánh – Ba Đình, trung tâm Hà Nội, sát dự án Vinhomes Gallery Giảng Võ – nơi tập trung giới thượng lưu và các dịch vụ tiện ích đẳng cấp.
– Giá trị gia tăng: Khu vực được quy hoạch đồng bộ, hạ tầng nâng cấp mạnh, giá trị BĐS tăng cao theo tiến độ Vinhomes Gallery.
– Giao thông: Đường trước nhà rộng, ô tô ra vào thuận tiện, khu dân trí cao, an ninh tốt.
– Giá bán 26 tỷ nhỉnh vài trăm – thương lượng trực tiếp với chính chủ.

📞 Liên hệ ngay để xem nhà thực tế và sở hữu căn nhà “kim cương” bên cạnh Vinhomes Gallery Giảng Võ. Thông tin là nhà thật 100%, không tin ảo.

Thông tin cam kết chuẩn chủ nhà – không tin ảo.
Anh/chị có nhu cầu thực sự vui lòng liên hệ em Vũ Hải để nhận video thực tế và đặt lịch xem nhà."
 26.9 tỷ , 75 m, Đường Đào Đình Luyện. Phường Việt Hưng. Quận Long Biên. Hà Nội,17399681,_,,Cần bán,20m,,Nhà mặt tiền,Sổ hồng/ Sổ đỏ,,6m,6,,13m,8,---,"PHẢI NHANH MỜI KỊP CÁC ANH CHỊ - MẶT PHỐ THÔNG PHỐ - ĐỐI DIỆN VINHOME - ĐỐI DIỆN DỰ ÁN NOBER - CÁCH TRƯỜNG VINSCHOOL 300M - KHÔNG LỖI PHONG THUỶ KHÔNG QUY HOẠCH - GIÁ HIỆN TẠI LÀ GIÁ CÓ THỂ ĐẦU TƯ - BỐC MÁY GỌI EM LUÔN CAM KẾT EM LÀM VIỆC CHÍNH CHỦ

 ✅  Nhà tường 10 chủ tự xây, thiết kế hiện đại xây dựng vào ở đầu 2020, có ô chờ THANG MÁY
✅ Hiện tại dự án NOBER chưa lên hình sau khi dự án nổi tầng, vị trí căn này sẽ không con ở giá 2x nữa đâu các anh chị.
✅ Nhà mình mua giữ tiền hay ở hay đầu tư dòng tiền cũng phù hợp các anh chị ạ: 
 TRUNG TÂM LƯU THÔNG HUYẾT MẠCH CÁC PHỐ : VIỆT HƯNG - ĐÀO ĐÌNH LUYỆN - KIM QUAN THƯỢNG - KHU ĐÔ THỊ VIỆT HƯNG - CÁC TRƯỜNG QUỐC TẾ MARECUREY - VINSCHOOL…. Không thể có căn thứ 2!

Thiết kế :
+ Tầng 1 : KINH DOANH + Gara ô tô + Ô chờ thang máy + Bếp phòng ăn + wc
+ Tầng lửng : để đồ.
+ Tầng 2,3,4 : Mỗi tầng 3 phòng + vệ sinh giữa.
+ Tầng 5 : Phòng thờ + 2 phòng.
+ Tầng thượng : Sân phơi.

 

 Pháp Lý :
 + Sổ đỏ vuông đẹp giá có thương lượng


 Liên hệ:
 +E hiếu chuyên nhà đất thổ cư Long biên Hà Nội. Tôi phục vụ khách hàng với tiêu chí giúp người là giúp chính mình, quý chữ tín hơn vàng, vươn tới tầm cao mới.
 + Miễn phí 100% với khách mua, về dẫn đi xem nhà và kể cả giao dịch thành công, bên mua không mất phí, được tư vấn hỗ trợ. Pháp lý, hợp đồng, sổ đỏ 24/24h.
(Lưu ý: Khách chủ tự thương lượng giá)"
 55 triệu / m, 114 m, Xã Đồng Trúc. Huyện Thạch Thất. Hà Nội,17081430,_,---,Cần bán,7m,---,"Đất thổ cư, đất ở",Sổ hồng/ Sổ đỏ,---,5m,---,---,---,---,---,"🔥🔥🔥 Siêu phẩm 114m đất khoang mái đồng trúc nằm trong khu biệt thự đồng trúc
- Sát đại lộ Thăng Long đi 200m ra ga đường sắt Metro 5
- Đường trước đất 6m thông các ngả
- Cách đại lộ Thăng Long chỉ 100m 
- 50m ra đường đôi nhà máy in tiền 
- Vị trí đẹp hoàn hảo không có điểm chê từ vị trí đất di truyền về Hà Nội khoảng 20 phút chuyển lên cổng làng đại học quốc gia chỉ mất 5 phút.
🇻🇳 đây là một sản phẩm rất tiềm năng nhà đầu tư có thể sở hữu để đón sóng hạ tầng của thành phố vệ tinh hòa lạc. 
🇻🇳 thôn khoang mái xã Đồng Trúc nay là xã Hạ Bằng có quỹ đất khá hạn chế do vậy không có nhiều sản phẩm được bán ra nhà đầu tư muốn sở hữu các sản phẩm tại vị trí này cần phải quyết đoán và nhanh mới kịp
.
☎ liên hệ ngay Trần Hoàn đất nền Hòa Lạc để được tư vấn thêm."
 14 tỷ , 45 m, Đường Đình Thôn. Phường Mỹ Đình 2. Quận Nam Từ Liêm. Hà Nội,17399227,Bắc,---,Cần bán,7m,---,Nhà mặt tiền,Sổ hồng/ Sổ đỏ,---,"4,1m",4,---,---,5,---,"BÁN NHÀ PHÂN LÔ MỸ ĐÌNH - NGÕ Ô TÔ TRÁNH ĐỖ NGÀY ĐÊM. 45m2 x 4T- MT4,1m - Giá 14 Tỷ.  

Diện tích: 35/45m2 x 4 Tầng
Mặt Tiền: 4,1m
Giá: 14 Tỷ

+ Vị trí cực kỳ đắc địa, cách mặt phố khoảng 20m, trung tâm Mỹ Đình. Cách SVĐ Mỹ Đình 300m, Cách bến xe Mỹ Đình 500m.
+ Gần các trường học quốc tế cấp 1-2-3 thuận tiện cho các con đi học. 

💥 THIẾT KẾ: cầu thang ở giữa
+ Tầng 1: Gara , Phòng khách, Bếp, WC
+ Tầng 2,3: Mỗi tầng 2 PN, 1WC
+ Tầng 4: 1 phòng thờ, Sân Phơi

Tất cả các Phòng đã lắp đầy đủ điều hoà

📕 Pháp lý chuẩn, ổn định qui hoạch, sổ đỏ vuông đẹp sẵn sàng giao dịch.

MIỄN TRUNG GIAN VÀ QC
MÔI GIỚI XIN MIỄN LÀM PHIỀN - XIN CẢM ƠN."
 10.8 tỷ , 40 m, Phố Phạm Khắc Quảng. Phường Việt Hưng. Quận Long Biên. Hà Nội,17325363,_,---,Cần bán,14m,---,"Đất nền, liền kề, đất dự án",Sổ hồng/ Sổ đỏ,---,4m,---,---,10m,---,---,"🏡 𝟒𝟎𝐦² 𝐕𝐢𝐞̣̂𝐭 𝐇𝐮̛𝐧𝐠 – 𝐕𝐢̉𝐚 𝐡𝐞̀ đ𝐨̂𝐢 𝐜𝐮̛̣𝐜 𝐫𝐨̣̂𝐧𝐠 – 𝐆𝐢𝐚́ 𝐜𝐮̛̣𝐜 𝐡𝐨̛̣𝐩 𝐥𝐲́

✅ 𝐕𝐢̉𝐚 𝐡𝐞̀ đ𝐨̂𝐢 𝐫𝐨̣̂𝐧𝐠 𝐭𝐡𝐞̂𝐧𝐡 𝐭𝐡𝐚𝐧𝐠 – thuận tiện để xe, kinh doanh nhỏ
✅ 𝐇𝐮̛𝐨̛́𝐧𝐠 Đ𝐨̂𝐧𝐠 𝐍𝐚𝐦 thoáng mát quanh năm
✅ Có 𝐬𝐚̆̃𝐧 𝐧𝐡𝐚̀ 𝐜𝐚̂́𝐩 𝟒, chưa ở có thể cho thuê giữ dòng tiền ngay
✅ Vị trí: 𝐍𝐨̣̂𝐢 𝐤𝐡𝐮 𝐭𝐚́𝐢 đ𝐢̣𝐧𝐡 𝐜𝐮̛ 𝐆𝐢𝐚𝐧𝐠 𝐁𝐢𝐞̂𝐧 – 𝐩𝐡𝐮̛𝐨̛̀𝐧𝐠 𝐕𝐢𝐞̣̂𝐭 𝐇𝐮̛𝐧𝐠
📍 Dân cư sầm uất, hạ tầng đồng bộ, kết nối giao thông cực tiện

💰 Giá hợp lý – thương lượng trực tiếp chủ nhà

☎️ Liên hệ ngay: 𝟎𝟗𝟕𝟔𝟐𝟑𝟐𝟗𝟎𝟏 – 𝐇𝐚̉𝐢 𝐕𝐮̃ 𝐭𝐡𝐨̂̉ 𝐜𝐮̛ để xem đất và làm việc giá tốt!"
 19 tỷ , 43 m, Phố Trích Sài. Quận Tây Hồ. Hà Nội,17349180,_,---,Cần bán,---,---,Nhà mặt tiền,---,---,---,---,---,---,---,---,"BÁN NHÀ ĐƯỜNG TRÍCH SÀI (cách mặt Hồ Tây 20m), xe tải vào tận nơi
Đặc điểm nổi bật:
📍 Vị trí: nhà 5A, Ngõ 267 Trích Sài (có cửa hậu ngõ 259 xe tải vào)
 Diện tích: 42,8m², thiết kế tối ưu.
 Thiết kế: Nhà 5 tầng phong cách hiện đại đã có máy lạnh và nội thất cao cấp 
 Tiện ích: cách Hồ Tây 20m, cách đường Trích Sài 15m
 Pháp lý: Sổ đỏ rõ ràng, giao dịch nhanh chóng.
💰 Giá bán: 19 tỷ (có thương lượng)
📞Xin liên hệ chủ nhà số ĐT: 0903.924.457 (a.Sơn)
 Xem nhà: Xin liên hệ để sắp xếp lịch xem nhà miễn phí!
• View hồ tuyệt đẹp, không khí trong lành, lý tưởng cho gia đình hoặc đầu tư.
• Khu vực an ninh, dân trí cao, tiềm năng tăng giá mạnh.
• Phù hợp làm Airbnb, văn phòng hoặc nhà ở cao cấp.
Sở hữu ngay ngôi nhà ven Hồ Tây – nơi an cư lý tưởng, đầu tư sinh lời!"
 8.5 tỷ , 36 m, Đường Yên Vĩnh. Xã Kim Chung. Huyện Hoài Đức. Hà Nội,17307441,_,,Cần bán,4m,,Nhà mặt tiền,Sổ hồng/ Sổ đỏ,,4m,6,,9m,---,---,"BÁN GẤP GẤP– CHỦ TỤT HUYẾT ÁP CẦN TIỀN 🚨🏡 Nhà đẹp 6 tầng thang máy – trục chính kinh doanh – lô góc 2 thoáng📐 Thiết kế hiện đại, công năng đầy đủ, thang máy xịn mịn🚗 Vị trí vàng, kinh doanh đỉnh – vừa ở vừa cho thuê đều tuyệt
💵 Giá bán nhanh: 8.5 tỷ (chủ cần bán gấp)
☎️ Liên hệ ngay để xem nhà."
 8.3 tỷ , 33 m, Đường Thụy Khuê. Phường Bưởi. Quận Tây Hồ. Hà Nội,17397986,_,,Cần bán,3m,,Nhà trong hẻm,Sổ hồng/ Sổ đỏ,,---,5,---,---,4,---,"Tôi bán gấp nhà Thuỵ Khuê.
  - Tự xây năm 2016 khung cột chắc chắn.
Nhà 33m2 - 5 tầng - Giá 8.3 tỷ có bớt.
  - Cách phố lớn 15m. 2 mặt ngõ, 2 mặt thoáng.
  - Đối diện nhà có bãi gửi xe ô tô.
  - Tôi cần bán gấp trong tháng 8. Ai có nhu cầu liên hệ tôi
Làm việc chính chủ. MTG
    * Ai có nhu cầu mua ở liên hệ tôi xem nhà."
 43.89 tỷ , 120 m, Phố Kim Đồng. Phường Giáp Bát. Quận Hoàng Mai. Hà Nội,17066783,_,,Cần bán,50m,,Nhà mặt tiền,Sổ hồng/ Sổ đỏ,,"4,2m",6,,"28,5m",9,---,"Giảm mạnh 5 tỷ: chủ rất cần bán tòa nhà Mặt phố Kim Đồng, Hoàng Mai, Hà Nội.

Nhà 2 Mặt tiền trước sau, Một mặt tiền phố và một măt tiền sau là ngõ 2 oto tránh phân lô vỉa hè.

- Nhà mới đẹp Diện tích 120m2, 6 tầng thang máy,
- Giá bán: 43.89 tỷ( có thương lượng).

Nhà mới đẹp thiết kế,
- Vị trí đẹp kinh doanh buôn bán sầm uất, nhiều ngân hàng đặt trụ sở văn phòng...
- Tòa nhà thiết kế kinh doanh và cho thuê làm văn phòng, trang bị đầy đủ trang thiết bị cao cấp.
- Sổ đỏ chính chủ, hình thửa vuông vắn đẹp.

LH làm việc trực tiếp:
 Nguyễn Kính."
 13.2 tỷ , 55 m, 100/59 Phố Khâm Thiên. Phường Trung Phụng. Quận Đống Đa. Hà Nội,17393068,_,,Cần bán,3m,,Căn hộ chung cư,Sổ hồng/ Sổ đỏ,,"7,4m",8,---,---,13,---,"Chính chủ em cần bán CHDV 8 Tầng thang máy, dòng tiền 65 triệu/ tháng, cỗ máy in tiền, Nhà xây mới thoáng sáng vô cùng tâm huyết, uy tín tuyệt đối. 
Full phòng, Full nội thất sang, xịn, từ Giường sofa mặt nạ chống khói độc, PCCC, cửa chống cháy, Cách đại học Bách _ Kinh -Xây 2km. Đủ thang thoát hiểm, thang bộ, khu vực dân cư trí thức cao, hàng xóm thân thiện.
Sổ đỏ chính chủ, 
LH Hà Anh chủ nhà."
 100 tỷ , 6.300 m, Đường Cầu vượt Mai Dịch. Phường Mai Dịch. Quận Cầu Giấy. Hà Nội,16855203,_,---,Cần bán,24m,---,Các loại khác,---,---,---,---,---,---,---,---,"Bán chuyển nhượng dự án tòa Văn phòng dịch vụ và khách sạn mặt phố cầu giấy 
Tổng diện tích 6300 m2 . mặt tiền 40m
Tòa Nhà nằm vị trí đắc địa, lô góc 1 mặt nằm trên phố Hồ Tùng Mậu  mặt còn lại nằm số 1 phố Lê Đức Thọ
Tòa nhà hỗn hợp dịch vụ thương mại, văn phòng, khách sạn gồm 2 tòa nhà building
Tòa 1 xây 30 tầng nổi văn phòng
Tòa 2 xây 35 tầng  nổi khách sạn
Dưới là 6 tầng thương mại dịch vụ
Hầm 04 tầng hầm để xe.
Pháp lý
Đất dịch vụ 50 năm có giá trị đến hết năm 2070
Hiện trạng đất
Tòa nhà được thiết kế tuyệt đẹp
. Khách mua được tặng đầy đủ giấy phép xây dựng, bản thiết kế,"
 8.1 tỷ , 34 m, Ngõ 2 Tổ 5 Đa Sỹ Đường Đa Sĩ. Phường Kiến Hưng. Quận Hà Đông. Hà Nội,17386150,_,,Cần bán,3m,,Nhà trong hẻm,Sổ hồng/ Sổ đỏ,,"3,3m",4,---,---,4,---,"Bạn đang tìm một căn nhà vừa ở, vừa thuận tiện đi lại, lại có giá trị tăng trưởng bền vững? 
👉 Đây chính là căn nhà bạn không nên bỏ lỡ:
Diện tích: 34m² x 4 tầng – Mặt tiền 3.3m.
Thiết kế khoa học, đầy đủ công năng: 
• Tầng 1: Phòng khách + bếp + chỗ để xe, WC. 
• Tầng 2 & 3: Mỗi tầng 2 phòng ngủ + WC giữa. 
• Tầng 4: Phòng thờ + sân phơi thoáng sáng.
Phòng nào cũng có cửa sổ, ban công đón gió và ánh sáng tự nhiên.
✨ Vị trí đắc địa:
Khu phân lô bàn cờ – lô góc 2 mặt thoáng sáng.
Ngõ trước nhà rộng, ô tô đỗ cửa – chỉ 20m ra ô tô tránh.
Ngõ thông tứ phía, đi lại cực kỳ thuận tiện.
Bao quanh là tiện ích sống đủ đầy: gần bể bơi Đa Sĩ, sân bóng, chợ, trường học các cấp… chỉ vài bước chân.
💰 Giá bán: 8.1 tỷ (thương lượng trực tiếp với khách thiện chí). 
📑 Sổ đỏ chính chủ – pháp lý chuẩn, sẵn sàng giao dịch.
Người Kết Nối."
 15.5 tỷ , 65 m, Ngõ 219 Định Công Thượng Đường Định Công Thượng. Phường Định Công. Quận Hoàng Mai. Hà Nội,17372440,_,,Cần bán,3m,,Nhà trong hẻm,Sổ hồng/ Sổ đỏ,,"4,5m",5,---,---,7,---,"💥 BÁN NHÀ ĐỊNH CÔNG THƯỢNG – ĐẸP HIẾM, KHÔNG CÓ CÁI THỨ 2 💥

🏡 Diện tích: 65m² x 5 tầng
📐 Mặt tiền: 4.5m – vuông vắn đẹp chuẩn
🚗 Ngõ rộng, chỉ 10m ra ngõ lớn, kinh doanh cực sầm uất
✨ Vị trí hiếm, không tìm được căn thứ 2 trong khu vực!

👉 Phù hợp vừa ở vừa kinh doanh, mở văn phòng, spa, hoặc cho thuê dòng tiền ổn định.

Giá: 15,5tỷ💲

Người Kết Nối !"
 29 tỷ , 95 m, Đường Tam Trinh. Phường Yên Sở. Quận Hoàng Mai. Hà Nội,15662556,_,,Cần bán,5m,,Nhà trong hẻm,Sổ hồng/ Sổ đỏ,,"6,45m",7,,14m,25,---,"Bán tòa chdv đường ô tô thoải mái đi lại 
Dt : 95m2
Mặt tiền 6.45m nở hậu : 6.77m
Nhà 7 tầng 25 chdv full nội thất dòng tiền 125 triệu / tháng
Ngõ ô tô thông các ngả - ngõ đối diện ubnd phường an ninh tuyệt đối 
Hàng xóm bộ đội, thân thiện 
Gia đình đang có việc nên cần bán muốn gặp người thiện chí mua 
Giá bán : 29 tỷ
Miễn trung gian - môi giới - báo mạng"
 36 tỷ , 70 m, Phố Thái Hà. Phường Láng Hạ. Quận Đống Đa. Hà Nội,17232082,_,---,Cần bán,6m,---,Nhà trong hẻm,Sổ hồng/ Sổ đỏ,---,7m,9,---,10m,23,---,"Cần bán nhà với 1 mặt ngõ ô tô tránh - 1 mặt ngõ ô tô đi qua 
Diện tích : 70m2 
Mặt tiền : 7m 
Nhà 9 tầng có hầm với đặc điểm : 23 căn hộ khép kín, đầy đủ nội thất và pccc Hàng xóm đều cán bộ về hưu nên yên tĩnh và văn minh 
Nay gia đình có việc nên cần bán muốn gặp người thiện chí
Giá cho thuê thầu cả toà là 150 triệu / tháng  
Giá bán : 36 tỷ ( có thương lượng )
Miễn trung gian - môi giới - báo mạng"
 45 tỷ , 120 m, Phường Giáp Bát. Quận Hoàng Mai. Hà Nội,17372553,_,---,Cần bán,30m,---,Nhà mặt tiền,Sổ hồng/ Sổ đỏ,---,0m,6,---,0m,8,---,"📞 Liên hệ ngay Em Ty – Chuyên Nhà Đẹp Hà Nội: để được hỗ trợ và tư vấn miễn phí làm việc chính chủ!

Thông tin cơ bản:
📍 Địa chỉ: Mặt phố Hoàng Mai – trục chính vành đai 2.5, gần ngã tư Giải Phóng – Kim Đồng
📏 Diện tích sổ/ DTSD: 115/120m²
🏢 Kết cấu: Nhà 6 tầng thang máy
💰 Giá: 45 tỷ (CTL)
📜 Pháp lý: Sổ đỏ chính chủ, thửa đất vuông vắn đẹp

Ưu điểm nổi bật:
✔️ Tòa nhà mặt phố 2 mặt tiền: trước phố Hoàng Mai, sau ô tô tránh có vỉa hè
✔️ Kinh doanh, làm văn phòng, trụ sở công ty đều cực đỉnh
✔️ Nhà mới xây, hoàn thiện thiết bị cao cấp: Thang máy Fuji 650kg, điều hòa trung tâm Mitsubishi ống gió
✔️ Thiết kế hợp lý: 1 tầng 2 phòng rộng khép kín, cửa sổ thoáng 2 mặt
✔️ Tiềm năng khai thác lớn
✔️ Vị trí kết nối thuận tiện: gần bến xe Giáp Bát, ngã tư Giải Phóng

Thiết kế hiện trạng:
🏡 THIẾT KẾ HIỆN TRẠNG 6 TẦNG + THANG MÁY NHẬP KHẨU

Tiện ích xung quanh:
🏫 Trường học các cấp
🛍 Trung tâm thương mại, siêu thị lớn
🏥 Bệnh viện Bạch Mai, BV Thanh Nhàn, BV Bưu Điện
🚇 Giao thông thuận tiện, kết nối vành đai 2.5, Giải Phóng, Kim Đồng

10 tuyến phố gần khu vực:
1️⃣ Giải Phóng
2️⃣ Kim Đồng
3️⃣ Tân Mai
4️⃣ Nguyễn An Ninh
5️⃣ Trương Định
6️⃣ Lê Thanh Nghị
7️⃣ Đại La
8️⃣ Trần Đại Nghĩa
9️⃣ Minh Khai
🔟 Vành đai 2.5"
 8.2 tỷ , 50 m, Đường Phúc Lợi. Phường Phúc Lợi. Quận Long Biên. Hà Nội,16801856,_,,Cần bán,4m,,Nhà trong hẻm,---,,5m,6,,10m,4,---,"💥 BÁN NHÀ LÔ GÓC 6 TẦNG, THANG MÁY, MỚI XÂY - LONG BIÊN, HÀ NỘI - GIÁ 8.2 TỶ 💥

💰 Giá bán: 8.2 tỷ VNĐ
Diện tích sử dụng: 62m² (bao gồm cả ngõ bên hông)
Diện tích xây dựng: 50m²
Sổ đỏ vuông vắn
Thiết kế: 6 tầng, thang máy, gara , ban công thoáng mát.

Thông tin chi tiết:

🌟 Vị trí đắc địa: Nhà nằm trong khu vực trung tâm Long Biên, gần trường liên cấp, chợ, và chỉ cách Vincom Long Biên khoảng 200m. Khu vực có cơ sở hạ tầng hoàn thiện, an ninh tốt, thuận tiện giao thông và sinh hoạt.

🌟 Mô tả chi tiết:
	•	Tầng 1: Garẩ , bếp, 1 WC.
	•	Tầng 2: Phòng khách rộng rãi, 1 WC.
	•	Tầng 3, 4, 5: Mỗi tầng gồm 1 phòng ngủ, 1 WC.
	•	Tầng 6: Ban công thoáng mát, có không gian mở.

🌟 Điểm nổi bật:
	•	Nhà lô góc, thiết kế hiện đại, thang máy tiện lợi, không gian rộng rãi, thoáng mát.
	•	Khu dân cư yên tĩnh, an toàn, phù hợp cho gia đình sinh sống lâu dài hoặc đầu tư cho thuê.

Liên hệ em Thế Anh để đi xem nhà miễn phí 24/7"
 6.2 tỷ , 31 m, Đường Giang Biên. Phường Giang Biên. Quận Long Biên. Hà Nội,17360611,_,,Cần bán,4m,,Nhà mặt tiền,---,,"3,5m",6,---,9m,3,---,"- Vị trí trung tâm phường Giang Biên khu vực tiếp giáp KĐT Việt Hưng, Vinhome Riverside sầm uất và thịnh vượng nhất quận Long Biên cách 1 nhà ra đường ô tô thông tứ phía.
- Nhà thiết kế 6 tầng cầu thang cuối.
Tầng 1 phòng khách + wc
Tầng 2 phòng ăn + bếp 
Tầng 3 4 5 mỗi tầng 1 phòng ngủ + wc
Tầng 6 phòng thờ và sân phơi
- Sổ đỏ hoa hậu, pháp lý chuẩn
Liên Hệ em Thế Anh xem nhà Trực Tiếp"
